Неделя,Даты,Месяц,Тема,Описание
1,10-16 августа,Август,Быстрая сортировка и сортировка слиянием,"Quick Sort, Merge Sort, анализ сложности"
2,17-23 августа,Август,Сортировка слиянием + обзор Heap,"Merge Sort углубленно, подсчет инверсий, Heap структура"
3,24-30 августа,Август,Двоичный поиск и поиск ответа,"Binary Search, поиск первого/последнего элемента, бинпоиск по ответу"
ОТПУСК,31.08-14.09,Август-Сентябрь,БЕЗ ЗАНЯТИЙ,Перерыв на отпуск
4,15-21 сентября,Сентябрь,Скользящее окно и Two Pointers,"Sliding Window, максимум в окне, две указателя"
5,22-28 сентября,Сентябрь,Кратчайшие пути: Dijkstra и Bellman-Ford,"Алгоритм Дейкстры, Bellman-Ford, отрицательные рёбра, СПСС"
6,29.09-05 октября,Сентябрь-Октябрь,Кратчайшие пути: Floyd-Warshall,"Floyd-Warshall, транзитивное замыкание, поиск всех пар"
7,6-12 октября,Октябрь,Минимальное остовное дерево: Крускал и DSU,"Крускал, система непересекающихся множеств, DSU реализация"
8,13-19 октября,Октябрь,Минимальное остовное дерево: Прим и смешанные задачи,"Прим, сравнение алгоритмов, сложные задачи на графы"
9,20-26 октября,Октябрь,ДП: Классические задачи,"Рюкзак, LIS, LCS, основные DP паттерны"
10,27.10-02 ноября,Октябрь-Ноябрь,ДП на деревьях,"Tree DP, переходы между вершинами, примеры задач"
11,3-9 ноября,Ноябрь,Сегментное дерево: базовая реализация,"Segment Tree, range query, point update, build"
12,10-16 ноября,Ноябрь,Фенвик (Binary Indexed Tree),"Fenwick Tree, реализация, применение, сравнение с Seg Tree"
13,17-23 ноября,Ноябрь,Стеки и очереди: Monotonic stack/deque,"Monotonic Stack, Monotonic Deque, применение в задачах"
14,24-30 ноября,Ноябрь,Z-функция и поиск подстроки,"Z-Algorithm, поиск паттерна, применение в контестах"
15,1-7 декабря,Декабрь,Префиксные функции: KMP,"Knuth-Morris-Pratt, префиксная функция, поиск подстроки"
16,8-14 декабря,Декабрь,Ахо-Корасик,"Aho-Corasick, поиск множественных паттернов, использование в задачах"
17,15-21 декабря,Декабрь,Комбинаторика и принцип включения-исключения,"Перестановки, сочетания, PIE, принцип включения-исключения"
18,22-28 декабря,Декабрь,Модульная арифметика и вероятность,"Модульная арифметика, обратные элементы, вероятность в контестах"
ПРАЗДНИК,30.12-12.01,Декабрь-Январь,БЕЗ ЗАНЯТИЙ (восполнение на сб 21, 28 декабря),Новогодние праздники
19,12-18 января,Январь,Функция Мебиуса и теория чисел,"Функция Мебиуса, свёртка Дирихле, применение"
20,19-25 января,Январь,ДП с битовыми масками,"DP with Bitmasks, простые задачи, оптимизация"
21,26.01-01 февраля,Январь-Февраль,Выпуклая оболочка и базовая геометрия,"Convex Hull, Graham, Jarvis, применение в DP (CHT)"
22,2-8 февраля,Февраль,Обзор и контестная практика,"Повторение всех пройденных тем, участие в контестах"
23,9-15 февраля,Февраль,Полиномиальный хеш,"Hashing, polynomial hash, защита от коллизий"
24,16-22 февраля,Февраль,Контестная практика и анализ ошибок,"Участие в контестах, разбор своих ошибок, работа над слабостями"
25,23.02-01 марта,Февраль-Март,Square root decomposition и Mo's algorithm,"Sqrt Decomposition, Mo's Algorithm, применение"
26,2-8 марта,Март,Интенсивная контестная практика,"Активное участие в контестах, целимся на рост рейтинга"
27,9-15 марта,Март,Комбинированные задачи,"Задачи, требующие 2+ техник одновременно"
28,16-22 марта,Март,Оптимизация и улучшение навыков,"Анализ TLE, оптимизация алгоритмов, скорость решения"
29,23-29 марта,Март,Слабые места и контесты,"Работа над индивидуальными слабостями, интенсивная практика"
30,30.03-05 апреля,Март-Апрель,Финальная подготовка,"Обзор всех ключевых алгоритмов, решение задач с контестов"
31,27 апреля - 02 мая,Апрель-Май,Финальный спринт,"Активное участие в контестах, достижение оранжевого ранга"
