Дата,День,Время,Неделя,Тема,Ресурсы,Задачи,Статус,Прогресс
11.08.2026,Вт,18:30-21:00,1,Теория: Быстрая сортировка,https://e-maxx.ru/algo/sorting_quick https://cp-algorithms.com/,-,⬜,
13.08.2026,Чт,18:30-21:00,1,Практика: Быстрая сортировка,https://e-maxx.ru/algo/sorting_quick,https://codeforces.com/problemset/problem/977/A,⬜,
15.08.2026,Сб,12:00-14:00,1,Практика: Сортировка доп.,https://e-maxx.ru/algo/sorting_quick,https://codeforces.com/problemset/problem/339/A,⬜,
16.08.2026,Вс,18:30-21:00,1,Доп. Easy: Быстрая сортировка,https://codeforces.com/problemset/problem/2250/A,https://codeforces.com/problemset/problem/2250/A,⬜,
17.08.2026,Пн,18:30-21:00,1,Доп. Medium: Быстрая сортировка,https://codeforces.com/problemset/problem/2244/E,https://codeforces.com/problemset/problem/2244/E,⬜,
18.08.2026,Вт,18:30-21:00,1,Доп. Челленж: Быстрая сортировка (1700+),https://codeforces.com/problemset/problem/2249/B,https://codeforces.com/problemset/problem/2249/B,⬜,
18.08.2026,Вт,18:30-21:00,2,Теория: Сортировка слиянием,https://e-maxx.ru/algo/merge_sort https://cp-algorithms.com/,-,⬜,
20.08.2026,Чт,18:30-21:00,2,Практика: Сортировка слиянием,https://e-maxx.ru/algo/merge_sort,https://codeforces.com/problemset/problem/451/D,⬜,
22.08.2026,Сб,12:00-14:00,2,Практика: Инверсии,https://e-maxx.ru/algo/merge_sort,https://codeforces.com/problemset/problem/58/D,⬜,
23.08.2026,Вс,18:30-21:00,2,Доп. Easy: Merge Sort,https://codeforces.com/problemset/problem/2133/A,https://codeforces.com/problemset/problem/2133/A,⬜,
24.08.2026,Пн,18:30-21:00,2,Доп. Medium: Merge Sort,https://codeforces.com/problemset/problem/2244/E,https://codeforces.com/problemset/problem/2244/E,⬜,
25.08.2026,Вт,18:30-21:00,2,Доп. Челленж: Merge Sort (1700+),https://codeforces.com/problemset/problem/2241/F,https://codeforces.com/problemset/problem/2241/F,⬜,
25.08.2026,Вт,18:30-21:00,3,Теория: Двоичный поиск,https://e-maxx.ru/algo/binary_search https://cp-algorithms.com/sequences/binary-search.html,-,⬜,
26.08.2026,Чт,18:30-21:00,3,Практика: Бинарный поиск (дополнительно),https://e-maxx.ru/algo/binary_search,https://codeforces.com/problemset/problem/282/C https://codeforces.com/problemset/problem/519/E,⬜,
14.09.2026,Пн,18:30-21:00,3,Доп. Easy: Двоичный поиск,https://codeforces.com/problemset/problem/2197/A,https://codeforces.com/problemset/problem/2197/A,⬜,
14.09.2026,Пн,18:30-21:00,3,Доп. Medium: Двоичный поиск,https://codeforces.com/problemset/problem/2227/E,https://codeforces.com/problemset/problem/2227/E,⬜,
14.09.2026,Пн,18:30-21:00,3,Доп. Челленж: Двоичный поиск (1700+),https://codeforces.com/problemset/problem/2229/D,https://codeforces.com/problemset/problem/2229/D,⬜,
15.09.2026,Пн,18:30-21:00,4,Теория: Скользящее окно,https://e-maxx.ru/algo/two_pointers https://cp-algorithms.com/sequences/two_pointers.html,-,⬜,
17.09.2026,Чт,18:30-21:00,4,Практика: Скользящее окно,https://e-maxx.ru/algo/two_pointers https://cp-algorithms.com/sequences/two_pointers.html,-,⬜,
19.09.2026,Сб,12:00-14:00,4,Практика: Скользящее окно,https://e-maxx.ru/algo/two_pointers,https://codeforces.com/problemset/problem/327/A,⬜,
23.09.2026,Ср,18:30-21:00,4,Доп. Easy: Скользящее окно,https://codeforces.com/problemset/problem/2154/A,https://codeforces.com/problemset/problem/2154/A,⬜,
24.09.2026,Чт,18:30-21:00,4,Доп. Medium: Скользящее окно,https://codeforces.com/problemset/problem/2190/B1,https://codeforces.com/problemset/problem/2190/B1,⬜,
25.09.2026,Пт,18:30-21:00,4,Доп. Челленж: Скользящее окно (1700+),https://codeforces.com/problemset/problem/2124/D,https://codeforces.com/problemset/problem/2124/D,⬜,
24.09.2026,Чт,18:30-21:00,5,Теория: Dijkstra,https://e-maxx.ru/algo/dijkstra https://cp-algorithms.com/graph/dijkstra.html,-,⬜,
26.09.2026,Сб,12:00-14:00,5,Практика: Dijkstra,https://e-maxx.ru/algo/dijkstra,https://codeforces.com/problemset/problem/20/C,⬜,
29.09.2026,Вт,18:30-21:00,5,Практика: Bellman-Ford,https://e-maxx.ru/algo/bellman_ford,https://acm.timus.ru/problem.aspx?space=1&num=1623,⬜,
30.09.2026,Ср,18:30-21:00,5,Доп. Easy: Dijkstra,https://codeforces.com/problemset/problem/1944/A,https://codeforces.com/problemset/problem/1944/A,⬜,
01.10.2026,Чт,18:30-21:00,5,Доп. Medium: Dijkstra,https://codeforces.com/problemset/problem/2204/D,https://codeforces.com/problemset/problem/2204/D,⬜,
02.10.2026,Пт,18:30-21:00,5,Доп. Челленж: Dijkstra (1700+),https://codeforces.com/problemset/problem/2118/D1,https://codeforces.com/problemset/problem/2118/D1,⬜,
01.10.2026,Чт,18:30-21:00,6,Теория: Floyd-Warshall,https://e-maxx.ru/algo/floyd_warshall https://cp-algorithms.com/graph/floyd_warshall.html,-,⬜,
03.10.2026,Сб,12:00-14:00,6,Практика: Floyd-Warshall,https://e-maxx.ru/algo/floyd_warshall,https://codeforces.com/problemset/problem/21/D,⬜,
08.10.2026,Чт,18:30-21:00,7,Теория: Крускал и DSU,https://e-maxx.ru/algo/mst_kruskal https://e-maxx.ru/algo/dsu,-,⬜,
10.10.2026,Сб,12:00-14:00,7,Практика: Крускал и DSU,https://e-maxx.ru/algo/mst_kruskal,https://codeforces.com/problemset/problem/1/A,⬜,
13.10.2026,Вт,18:30-21:00,8,Теория: Алгоритм Прима,https://e-maxx.ru/algo/mst_prim https://cp-algorithms.com/graph/prim.html,-,⬜,
15.10.2026,Чт,18:30-21:00,8,Практика: Прим,https://e-maxx.ru/algo/mst_prim,https://codeforces.com/problemset/problem/160/D,⬜,
20.10.2026,Вт,18:30-21:00,9,Теория: Классическое DP,https://e-maxx.ru/algo/dp_intro https://cp-algorithms.com/dynamic_programming/,-,⬜,
22.10.2026,Чт,18:30-21:00,9,Практика: DP,https://e-maxx.ru/algo/dp_intro,https://codeforces.com/problemset/problem/9/D,⬜,
24.10.2026,Сб,12:00-14:00,10,Теория: DP на деревьях,https://e-maxx.ru/algo/tree_dp https://cp-algorithms.com/dynamic_programming/tree-DP.html,-,⬜,
27.10.2026,Вт,18:30-21:00,10,Практика: DP на деревьях,https://e-maxx.ru/algo/tree_dp,https://codeforces.com/problemset/problem/43/D,⬜,
31.10.2026,Сб,12:00-14:00,11,Теория: Сегментное дерево,https://e-maxx.ru/algo/segment_tree https://cp-algorithms.com/data_structures/segment_tree.html,-,⬜,
03.11.2026,Вт,18:30-21:00,11,Практика: Segment Tree,https://e-maxx.ru/algo/segment_tree,https://codeforces.com/problemset/problem/52/E,⬜,
05.11.2026,Чт,18:30-21:00,12,Теория: Fenwick Tree,https://e-maxx.ru/algo/fenwick_tree https://cp-algorithms.com/data_structures/fenwick.html,-,⬜,
07.11.2026,Сб,12:00-14:00,12,Практика: Fenwick,https://e-maxx.ru/algo/fenwick_tree,https://codeforces.com/problemset/problem/835/D,⬜,
12.11.2026,Чт,18:30-21:00,13,Теория: Monotonic Stack,https://cp-algorithms.com/data_structures/stack_queue.html,-,⬜,
14.11.2026,Сб,12:00-14:00,13,Практика: Monotonic Stack,https://cp-algorithms.com/data_structures/stack_queue.html,https://codeforces.com/problemset/problem/316/E3,⬜,
17.11.2026,Вт,18:30-21:00,14,Теория: Z-функция,https://e-maxx.ru/algo/z_function https://cp-algorithms.com/string/z-algorithm.html,-,⬜,
19.11.2026,Чт,18:30-21:00,14,Практика: Z-функция,https://e-maxx.ru/algo/z_function,https://codeforces.com/problemset/problem/126/B,⬜,
21.11.2026,Сб,12:00-14:00,15,Теория: KMP,https://e-maxx.ru/algo/prefix_function https://cp-algorithms.com/string/prefix-function.html,-,⬜,
24.11.2026,Вт,18:30-21:00,15,Практика: KMP,https://e-maxx.ru/algo/prefix_function,https://codeforces.com/problemset/problem/432/D,⬜,
28.11.2026,Сб,12:00-14:00,16,Теория: Ахо-Корасик,https://e-maxx.ru/algo/aho_corasick https://cp-algorithms.com/string/aho_corasick.html,-,⬜,
01.12.2026,Вт,18:30-21:00,16,Практика: Ахо-Корасик,https://e-maxx.ru/algo/aho_corasick,https://codeforces.com/problemset/problem/346/D,⬜,
03.12.2026,Чт,18:30-21:00,17,Теория: Комбинаторика,https://e-maxx.ru/algo/combinatorics https://e-maxx.ru/algo/inclusion_exclusion,-,⬜,
05.12.2026,Сб,12:00-14:00,17,Практика: Комбинаторика,https://e-maxx.ru/algo/combinatorics,https://codeforces.com/problemset/problem/402/D,⬜,
08.12.2026,Вт,18:30-21:00,18,Теория: Модульная арифметика,https://e-maxx.ru/algo/module_arithmetic https://e-maxx.ru/algo/module_inverse,-,⬜,
10.12.2026,Чт,18:30-21:00,18,Практика: Модульная арифметика,https://e-maxx.ru/algo/module_arithmetic,https://codeforces.com/problemset/problem/696/D,⬜,
15.12.2026,Вт,18:30-21:00,19,Теория: Функция Мебиуса,https://e-maxx.ru/algo/mobius_function https://cp-algorithms.com/algebra/phi-function.html,-,⬜,
17.12.2026,Чт,18:30-21:00,19,Практика: Функция Мебиуса,https://e-maxx.ru/algo/mobius_function,https://codeforces.com/problemset/problem/588/D,⬜,
19.12.2026,Сб,12:00-14:00,20,Теория: Bitmask DP,https://e-maxx.ru/algo/bitmask_dp https://cp-algorithms.com/dynamic_programming/profile-dynamics.html,-,⬜,
22.12.2026,Вт,18:30-21:00,20,Практика: Bitmask DP,https://e-maxx.ru/algo/bitmask_dp,https://codeforces.com/problemset/problem/383/D,⬜,
24.12.2026,Чт,18:30-21:00,21,Теория: Выпуклая оболочка,https://e-maxx.ru/algo/convex_hull https://cp-algorithms.com/geometry/convex-hull.html,-,⬜,
26.12.2026,Сб,12:00-14:00,21,Практика: Convex Hull,https://e-maxx.ru/algo/convex_hull,https://codeforces.com/problemset/problem/155/C,⬜,
31.12.2026,Чт,18:30-21:00,23,Теория: Полиномиальный хеш,https://e-maxx.ru/algo/string_hashing https://cp-algorithms.com/string/string-hashing.html,-,⬜,
02.01.2027,Сб,12:00-14:00,23,Практика: Полиномиальный хеш,https://e-maxx.ru/algo/string_hashing,https://codeforces.com/problemset/problem/271/D,⬜,
05.01.2027,Вт,18:30-21:00,25,Теория: Sqrt Decomposition,https://e-maxx.ru/algo/sqrt_decomposition https://cp-algorithms.com/data_structures/sqrt-decomposition.html,-,⬜,
07.01.2027,Чт,18:30-21:00,25,Практика: Sqrt Decomposition,https://e-maxx.ru/algo/sqrt_decomposition,https://codeforces.com/problemset/problem/520/E,⬜,
