Неделя,Тема,Задач (план),Решено,Челленж (1700+),Статус
1,Быстрая сортировка,6,7,1,✅
2,Сортировка слиянием,6,0,0,⬜
3,Двоичный поиск,6,0,0,⬜
4,Скользящее окно,6,0,0,⬜
5,Dijkstra и Bellman-Ford,6,0,0,⬜
6,Floyd-Warshall,6,0,0,⬜
7,Крускал и DSU,6,0,0,⬜
8,Алгоритм Прима,6,0,0,⬜
9,Классическое ДП,6,0,0,⬜
10,ДП на деревьях,6,0,0,⬜
11,Сегментное дерево,6,0,0,⬜
12,Fenwick Tree,6,0,0,⬜
13,Monotonic Stack,6,0,0,⬜
14,Z-функция,6,0,0,⬜
15,KMP,6,0,0,⬜
16,Ахо-Корасик,6,0,0,⬜
17,Комбинаторика,6,0,0,⬜
18,Модульная арифметика,6,0,0,⬜
19,Функция Мебиуса,6,0,0,⬜
20,Bitmask DP,6,0,0,⬜
21,Выпуклая оболочка,6,0,0,⬜
23,Полиномиальный хеш,6,0,0,⬜
25,Sqrt Decomposition,6,0,0,⬜
